https://open.spotify.com/track/18NztlTlFZ5yFuHecx9ECH,
https://open.spotify.com/track/6osBF39U3SsmhXbPLQ6hu7,
https://open.spotify.com/track/4igBtit18njPhNVT1eGZok,
https://open.spotify.com/track/09gOV6QNxjtE830kQwMG2u,
https://open.spotify.com/track/2MZSXhq4XDJWu6coGoXX1V,
https://open.spotify.com/track/6kzLbNxsJidjc80Nw3uZVg,
https://open.spotify.com/track/3tWiIOPBJjgjA6PpozJqNO,
https://open.spotify.com/track/1ppw4aUaKKiY43tRMJD05h,
https://open.spotify.com/track/3aub1GpyKYRd1cVN54bnw6,
https://open.spotify.com/track/3joEZZF0g2YfUn0vY8WjW0,
https://open.spotify.com/track/5Ae091FBx68ZZ6JrCue7XI,
https://open.spotify.com/track/5bgbePi06Jpajb3CfgEhgJ,
https://open.spotify.com/track/2wjbR0QM2uRIz8QacUE494,
https://open.spotify.com/track/21NALHsloDI31T781jDMFw,
https://open.spotify.com/track/7eHt7rcLWNXREbck9PAsHA,
https://open.spotify.com/track/2VGDntFPvgvqSiUf9ITEfW,
https://open.spotify.com/track/3pvMAdmkEnMjhxY6lFkawT,
https://open.spotify.com/track/6PZhPSeV4ndaMhZ65n2TL8,
https://open.spotify.com/track/4QuwqBRvuVx92LQmNym8sC,
https://open.spotify.com/track/5QyCm2m1CSGqrkGXtxpO5R,
https://open.spotify.com/track/0IbIG1W13yvHV3x1CcsyG2,
https://open.spotify.com/track/6W9diysjR1V67SRLaygwlI,
https://open.spotify.com/track/5xdqh6e3pj0TAm5nq2xnmA,
https://open.spotify.com/track/2OBgZrayUVupeEtt1eu2V4,
https://open.spotify.com/track/0CbTZTXrJ5FOWEADxEh8Qk,
https://open.spotify.com/track/2Tz5THgkMOQeaW6DlqAlIa,
https://open.spotify.com/track/5EXEeHuB5MdcV8NPxt22PA,
https://open.spotify.com/track/1YrnDTqvcnUKxAIeXyaEmU,
https://open.spotify.com/track/297kL99O1dAFpm3UmtYsfm,
https://open.spotify.com/track/4xiyq1iRdsxuU1BPUJ490Z,
https://open.spotify.com/track/7aNwURnV4t19bPQM4mvpLY?si=gMDYsLizQhmhLgldMdc3cw,
